epoch,accuracy,loss,lr,val_accuracy,val_loss
0,0.7930147051811218,0.910712480545044,3e-05,0.6187499761581421,1.6954845190048218
1,0.7966911792755127,0.8832803964614868,3e-05,0.6234375238418579,1.6843559741973877
2,0.804411768913269,0.8654155731201172,3e-05,0.629687488079071,1.6883634328842163
3,0.8113970756530762,0.8499184846878052,3e-05,0.6265624761581421,1.692273736000061
4,0.8154411911964417,0.8363178968429565,3e-05,0.6234375238418579,1.696561574935913
5,0.824999988079071,0.7997947335243225,8.999999e-06,0.6312500238418579,1.681041955947876
6,0.8272058963775635,0.7771526575088501,8.999999e-06,0.629687488079071,1.6874901056289673
7,0.8290441036224365,0.7940840721130371,8.999999e-06,0.6265624761581421,1.6826589107513428
8,0.8286764621734619,0.7835597395896912,8.999999e-06,0.629687488079071,1.6903327703475952
9,0.8382353186607361,0.7726953029632568,2.6999999e-06,0.628125011920929,1.6857879161834717
10,0.8393382430076599,0.757935106754303,2.6999999e-06,0.629687488079071,1.687943458557129
11,0.8382353186607361,0.7512063384056091,2.6999999e-06,0.628125011920929,1.6901252269744873
12,0.8433823585510254,0.7532658576965332,8.0999996e-07,0.6265624761581421,1.687469244003296
